mode,game,status,dispatched,master_threads,auxiliary_threads,turns,master_turns,first_started_at,last_completed_at,elapsed_with_interruptions_seconds,master_initial_duration_seconds,known_turn_duration_sum_seconds,input_tokens,cached_input_tokens,cache_write_input_tokens,output_tokens,reasoning_output_tokens,total_tokens,api_equivalent_usd_known,all_turn_usage_reconciled,tfo_status,zip,weekly_quota_individual_points,human_quality_score
normal,Jardín de luciérnagas,completed_with_limitations,True,1,2,4,1,2026-10-07T12:37:18.475Z,2026-10-07T12:57:04.219Z,1185.744,1185.744,1686.362,6704010,6407296,0,42060,7316,6746070,1.57235328,True,completed,minigame_normal_jardin_de_luciernagas.zip,,
saving,Taller de luciérnagas,completed_with_limitations,True,1,2,5,2,2026-10-07T12:37:12.282Z,2026-10-07T13:07:26.959Z,1814.677,1632.735,2697.023,13287204,12954752,0,46782,7427,13333986,2.2160036,True,completed,minigame_ahorro_taller_de_luciernagas.zip,,
fast,Nidos de luz,completed_with_limitations,True,1,2,3,1,2026-10-07T12:37:24.988Z,2026-10-07T13:00:09.460Z,1364.472,1364.473,1752.797,8023256,7768576,0,47292,11394,8070548,1.7591376,True,needs_review,minigame_rapido_nidos_de_luz.zip,,
max_speed,Jardín de luciérnagas,completed_with_limitations,True,1,2,4,2,2026-10-07T12:37:32.327Z,2026-10-07T13:46:11.635Z,4119.308,1869.802,5223.711,15768730,15253248,0,121940,45462,15890670,3.7756887999999997,True,needs_review,minigame_maxspeed_jardin_de_luciernagas.zip,,
quality,Jardín de chispas,completed_with_limitations,True,1,2,4,2,2026-10-07T12:37:37.165Z,2026-10-07T13:26:02.562Z,2905.397,1873.868,2895.55,8641866,8315008,0,52436,8136,8694302,12.8784632,True,completed,minigame_calidad_jardin_de_chispas.zip,,
hq,Jardín de luces,incomplete_preserved,True,1,2,3,1,2026-10-07T13:46:36.245Z,2026-10-07T19:09:28.099Z,19371.854,19371.854,19961.411,5753185,5483392,0,32206,3716,5785391,9.791622,True,needs_review,minigame_hq_jardin_de_luces.zip,,
maximum,,approved_pending_dispatch,False,,,,,,,,,,,,,,,,,,,,,
max_hq,,approved_pending_dispatch,False,,,,,,,,,,,,,,,,,,,,,
custom_luna_low,Jardín de chispas,incomplete_preserved,True,1,0,2,2,2026-10-07T12:36:36.074Z,2026-10-07T13:28:43.770Z,3127.696,1015.347,1399.977,14340679,13911040,0,86140,51555,14426819,0.2251443,True,needs_review,minigame_lunalow_jardin_de_chispas.zip,,
custom_astra_ultra,,approved_pending_dispatch,False,,,,,,,,,,,,,,,,,,,,,
