mode,role,lane,started_at,status,model,effort,completed_at,duration_ms,host_status,error,input_tokens,cached_input_tokens,cache_write_input_tokens,output_tokens,reasoning_output_tokens,total_tokens,response_count,usage_reconciled,api_equivalent_usd,requested_model,requested_effort,selection_matches,master_turn_ordinal,master_phase
normal,master,main,2026-10-07T12:37:18.475Z,completed,gpt-6.1-sol,medium,2026-10-07T12:57:04.219Z,1185744,completed,,5692608,5483904,0,26109,4697,5718717,55,True,1.2268884,gpt-6.1-sol,medium,True,1,initial
normal,auxiliary,logic,2026-10-07T12:39:57.912Z,completed,gpt-6.1-sol,medium,2026-10-07T12:44:30.894Z,272982,completed,,372453,351232,0,7765,1118,380218,10,True,0.15521520000000003,gpt-6.1-sol,medium,True,,
normal,auxiliary,qa,2026-10-07T12:39:18.959Z,completed,gpt-6-luna,medium,2026-10-07T12:40:00.933Z,41975,completed,,202542,183808,0,3186,431,205728,6,True,0.0053044799999999994,gpt-6-luna,medium,True,,
normal,auxiliary,qa,2026-10-07T12:47:17.119Z,completed,gpt-6.1-sol,medium,2026-10-07T12:50:22.779Z,185661,completed,,436407,388352,0,5000,1070,441407,8,True,0.1849452,gpt-6.1-sol,medium,True,,
saving,master,main,2026-10-07T12:37:12.282Z,completed,gpt-6.1-sol,low,2026-10-07T13:04:25.016Z,1632735,completed,,8633861,8439552,0,20025,2184,8653886,77,True,1.4328232000000003,gpt-6.1-sol,low,True,1,initial
saving,master,main,2026-10-07T13:05:23.714Z,completed,gpt-6.1-sol,low,2026-10-07T13:07:26.959Z,123245,completed,,1089003,1084928,0,2091,224,1091094,6,True,0.13755279999999998,gpt-6.1-sol,low,True,2,continuation_or_intervention
saving,auxiliary,game,2026-10-07T12:39:52.446Z,completed,gpt-6.1-sol,low,2026-10-07T12:54:13.445Z,861000,completed,,3155358,3085952,0,18524,3507,3173882,52,True,0.6326472,gpt-6.1-sol,low,True,,
saving,auxiliary,checks,2026-10-07T12:40:24.523Z,completed,gpt-6-luna,medium,2026-10-07T12:40:59.261Z,34738,completed,,167621,146176,0,2514,544,170135,5,True,0.00486326,gpt-6-luna,medium,True,,
saving,auxiliary,checks,2026-10-07T12:43:00.480Z,completed,gpt-6-luna,low,2026-10-07T12:43:45.786Z,45305,completed,,241361,198144,0,3628,968,244989,6,True,0.00811714,gpt-6-luna,low,True,,
fast,master,main,2026-10-07T12:37:24.988Z,completed,gpt-6.1-sol,high,2026-10-07T13:00:09.460Z,1364473,completed,,7573788,7374976,0,34600,9945,7608388,58,True,1.4811216,gpt-6.1-sol,high,True,1,initial
fast,auxiliary,logic,2026-10-07T12:39:50.114Z,completed,gpt-6.1-sol,high,2026-10-07T12:43:30.312Z,220199,completed,,196551,173696,0,7234,1018,203785,5,True,0.1354196,,,,,
fast,auxiliary,qa,2026-10-07T12:40:10.488Z,completed,gpt-6.1-sol,medium,2026-10-07T12:42:58.613Z,168125,completed,,252917,219904,0,5458,431,258375,7,True,0.14259639999999998,gpt-6.1-sol,medium,True,,
max_speed,master,main,2026-10-07T12:37:32.327Z,failed,gpt-6.1-sol,xhigh,2026-10-07T13:08:42.128Z,1869802,failed,failed to load workspace requirements,7046393,6900224,0,28891,11981,7075284,62,True,1.2712704,gpt-6.1-sol,xhigh,True,1,initial
max_speed,master,main,2026-10-07T13:22:08.127Z,completed,gpt-6.1-sol,xhigh,2026-10-07T13:46:11.635Z,1443509,completed,,5056432,4836224,0,33748,17496,5090180,25,True,1.2615184,gpt-6.1-sol,xhigh,True,2,continuation_or_intervention
max_speed,auxiliary,logic,2026-10-07T12:41:19.169Z,completed,gpt-6.1-sol,high,2026-10-07T12:45:40.868Z,261700,completed,,400449,366720,0,9689,988,410138,9,True,0.20102,gpt-6.1-sol,high,True,,
max_speed,auxiliary,scene,2026-10-07T12:41:38.446Z,failed,gpt-6.1-sol,xhigh,2026-10-07T13:09:07.146Z,1648700,failed,failed to load workspace requirements,3265456,3150080,0,49612,14997,3315068,35,True,1.04188,gpt-6.1-sol,xhigh,True,,
quality,master,main,2026-10-07T12:37:37.165Z,failed,gpt-6-astra,medium,2026-10-07T13:08:51.032Z,1873868,failed,failed to load workspace requirements,6070276,5945344,0,29428,4730,6099704,61,True,8.666064,gpt-6-astra,medium,True,1,initial
quality,master,main,2026-10-07T13:22:10.715Z,completed,gpt-6-astra,medium,2026-10-07T13:26:02.562Z,231847,completed,,1188858,1047168,0,2439,156,1191297,8,True,2.586018,gpt-6-astra,medium,True,2,continuation_or_intervention
quality,auxiliary,logic,2026-10-07T12:42:38.772Z,completed,gpt-6.1-sol,medium,2026-10-07T12:49:04.104Z,385332,completed,,708043,676352,0,11617,1636,719660,16,True,0.24718720000000002,gpt-6.1-sol,medium,True,,
quality,auxiliary,ui,2026-10-07T12:43:18.806Z,completed,gpt-6-astra,medium,2026-10-07T12:50:03.308Z,404503,completed,,674689,646144,0,8952,1614,683641,16,True,1.379194,gpt-6-astra,medium,True,,
hq,master,main,2026-10-07T13:46:36.245Z,completed,gpt-6-astra,medium,2026-10-07T19:09:28.099Z,19371854,completed,,4844550,4627840,0,18439,2455,4862989,51,True,7.71689,gpt-6-astra,medium,True,1,initial
hq,auxiliary,logic,2026-10-07T13:49:57.171Z,completed,gpt-6-astra,medium,2026-10-07T13:53:34.362Z,217192,completed,,371457,345728,0,5909,178,377366,9,True,0.898468,,,,,
hq,auxiliary,visual,2026-10-07T13:50:26.986Z,completed,gpt-6-astra,medium,2026-10-07T13:56:39.351Z,372365,completed,,537178,509824,0,7858,1083,545036,13,True,1.176264,,,,,
custom_luna_low,master,main,2026-10-07T12:36:36.074Z,completed,gpt-6-luna,low,2026-10-07T12:53:31.421Z,1015347,completed,,9988989,9776384,0,69026,40236,10058015,87,True,0.15353734,gpt-6-luna,low,True,1,initial
custom_luna_low,master,main,2026-10-07T13:22:19.139Z,completed,gpt-6-luna,low,2026-10-07T13:28:43.770Z,384630,completed,,4351690,4134656,0,17114,11319,4368804,21,True,0.07160696,gpt-6-luna,low,True,2,continuation_or_intervention
